{
  "welcomeFile": "/index.html",
  "authenticationMethod": "route",
  "routes": [
    {
      "source": "^/resources/(.*)$",
      "target": "/resources/$1",
      "authenticationType": "none",
      "destination": "ui5"
    },
    {
      "source": "^/test-resources/(.*)$",
      "target": "/test-resources/$1",
      "authenticationType": "none",
      "destination": "ui5"
    },
    {
      "source": "^/library/(.*)$",
      "target": "/library/$1",
      "destination": "cap-library-app-srv",
      "authenticationType": "xsuaa",
      "csrfProtection": false,
      "cacheControl": "no-cache, no-store, must-revalidate"
    
    },
    {
      "source": "^(.*)$",
      "target": "$1",
      "service": "html5-apps-repo-rt",
      "authenticationType": "xsuaa"
    }
  ]
}
